{"cameraMode":{"drawMode":0,"name":"Shaded","section":"Shading Mode"},"sceneLighting":true,"audioPlay":false,"sceneViewState":{"m_AlwaysRefresh":false,"showFog":true,"showSkybox":true,"showFlares":true,"showImageEffects":true,"showParticleSystems":true,"showVisualEffectGraphs":true,"m_FxEnabled":true},"in2DMode":false,"pivot":{"x":-0.037255287170410159,"y":2.3427011966705324,"z":-0.6890759468078613},"rotation":{"x":-0.006245889235287905,"y":0.9282748699188232,"z":-0.01560558658093214,"w":-0.3715174198150635},"size":2.914268970489502,"orthographic":false}